mfo_rnd,mfo_smt,o_rnd,o_smt
0.7382218154293804,0.7684969326194142,0.7363204549372148,0.7819301723253044
